"----","NO HEADER "," -------- ","NO HEADER"," ------- ","","","","","","", , , , , , , , , 
"----","NO HEADER "," -------- ","NO HEADER"," ------- ","","","","","","", , , , , , , , , 
 ,"D00A181[00100]", ,"D00A181[00300]","D00A181[00400]","D00A181[00500]","D00A181[00600]","D00A181[00700]", , , , , , , , , , , , 
 ,"26520684", ,"26520684","250846","106","103950","10989594", , , , , , , , , , , , 
 ,"668220", ,"668220","5950","112","4856","545377", , , , , , , , , , , , 
 ,"749402", ,"749402","4971","151","2247","338735", , , , , , , , , , , , 
 ,"167929", ,"167929","2190","77","464","35580", , , , , , , , , , , , 
 ,"1184792", ,"1184792","4734","250","2041","510801", , , , , , , , , , , , 
 ,"4790154", ,"4790154","18617","257","5711","1469440", , , , , , , , , , , , 
 ,"1486666", ,"1486666","7043","211", , , , , , , , , , , , , , 
 ,"633538", ,"633538","8548","74","3107","230291", , , , , , , , , , , , 
 ,"449533", ,"449533","13731","33", , , , , , , , , , , , , , 
 , , , , , , , , , , , , , , , , , , , 
 , , , , , , , , , , , , , , , , , , , 
"----","NO HEADER "," -------- ","NO HEADER"," ------- ","","","","","","", , , , , , , , , 
"----","NO HEADER "," -------- ","NO HEADER"," ------- ","","","","","","", , , , , , , , , 
 ,"D00A182[00100]","D00A182[00200]","D00A182[00300]","D00A182[00400]","D00A182[00500]", , , , , , , , , , , , , , 
 ,"26616230","1089241927","0","239329441","5848254", , , , , , , , , , , , , , 
 ,"3122230","55809374","0","11337732","634289", , , , , , , , , , , , , , 
 ,"918177","50141149","0","1574960","28841", , , , , , , , , , , , , , 
 ,"3428550","173074758","0","33253583","658753", , , , , , , , , , , , , , 
 ,"10623957","435384983","0","59933661","1462441", , , , , , , , , , , , , , 
 ,"10946411","302679781","0","3209602","116075", , , , , , , , , , , , , , 
 ,"1982492","89682976","0","671893","14853", , , , , , , , , , , , , , 
 ,"895269","247596590","0","38125580","137862", , , , , , , , , , , , , , 
 ,"1613350","220713264","0","21517034","157290", , , , , , , , , , , , , , 
 ,"1006784","126582660","0","36174971","287736", , , , , , , , , , , , , , 
 ,"6490957","723100261","0","114532526","1028158", , , , , , , , , , , , , , 
 ,"37908","3090038","0","32976","405", , , , , , , , , , , , , , 
 ,"1013620","111540752","0","32663203","296811", , , , , , , , , , , , , , 
 ,"14248","14066636","0","61308","62", , , , , , , , , , , , , , 
 ,"614035","68356795","0","26021158","233748", , , , , , , , , , , , , , 
 ,"1926820","72657399","0","14829473","393263", , , , , , , , , , , , , , 
 ,"45521","18066384","0","2710357","6830", , , , , , , , , , , , , , 
 ,"1899358","98471396","0","21140715","407762", , , , , , , , , , , , , , 
 ,"1258775","35713023","0","4967283","175082", , , , , , , , , , , , , , 
 ,"651926","102238303","0","30182688","192475", , , , , , , , , , , , , , 
 ,"677357","116456420","0","31340901","182279", , , , , , , , , , , , , , 
 ,"4855097","590981759","0","66785864","548646", , , , , , , , , , , , , , 
 ,"649575","14816091","0","7878554","345419", , , , , , , , , , , , , , 
 ,"1001387","57860875","0","5179462","89641", , , , , , , , , , , , , , 
 ,"29249","2050161","0","1306","19", , , , , , , , , , , , , , 
 ,"20178191","304472957","0","3349894","222008", , , , , , , , , , , , , , 
 ,"5247099","219054107","0","38292498","917220", , , , , , , , , , , , , , 
 ,"1111387","65340766","0","1260774","21445", , , , , , , , , , , , , , 
 ,"147726","27847126","0","342985","1820", , , , , , , , , , , , , , 
 ,"197995","22974513","0","261420","2253", , , , , , , , , , , , , , 
 , , , , , , , , , , , , , , , , , , , 
 , , , , , , , , , , , , , , , , , , , 
"----","NO HEADER "," -------- ","NO HEADER"," ------- ","","","","","","", , , , , , , , , 
"----","NO HEADER "," -------- ","NO HEADER"," ------- ","","","","","","", , , , , , , , , 
 ,"D00A183[00100]","D00A183[00200]", , ,"D00A183[00500]","D00A183[00600]","D00A183[00700]","D00A183[00800]","D00A183[00900]", , , , , , , , , , 
 ,"974360","192140", , ,"1166500","250846","5","103950","483368", , , , , , , , , , 
 , ,"3052", , ,"3052","5950","1","4856","2477", , , , , , , , , , 
 , ,"2548", , ,"2548","4971","1","2247","1146", , , , , , , , , , 
 , ,"1007", , ,"1007","2190","0","464","213", , , , , , , , , , 
 , ,"2425", , ,"2425","4734","1","2041","1041", , , , , , , , , , 
 , ,"37486", , ,"37486","18617","2","5711","11479", , , , , , , , , , 
 , ,"3493", , ,"3493","7043","1", , , , , , , , , , , , 
 ,"45423","1986", , ,"47409","8548","6","3107","17244", , , , , , , , , , 
 , ,"3420", , ,"3420","13731","0", , , , , , , , , , , , 
 , , , , , , , , , , , , , , , , , , , 
 , , , , , , , , , , , , , , , , , , , 
"----","NO HEADER "," -------- ","NO HEADER"," ------- ","","","","","","", , , , , , , , , 
"----","NO HEADER "," -------- ","NO HEADER"," ------- ","","","","","","", , , , , , , , , 
 , ,"D00A184[00200]","D00A184[00300]", ,"D00A184[00500]","D00A184[00600]","D00A184[00700]","D00A184[00800]","D00A184[00900]","D00A184[01000]","D00A184[01100]","D00A184[01200]","D00A184[01300]", , , , , , 
 , , ,"67988", ,"67988","67988","1089241927","0","0","239329441","14838","73100082","4532", , , , , , 
 , , ,"3516", ,"3516","3516","55809374","0","0","11337732","714","1015649","64", , , , , , 
 , ,"107880","3159", ,"111039","111039","50141149","0","0","1574960","3489","358318","794", , , , , , 
 , , ,"10904", ,"10904","10904","173074758","0","0","33253583","2095","11388496","717", , , , , , 
 , , ,"27429", ,"27429","27429","435384983","0","0","59933661","3776","88200119","5557", , , , , , 
 , , ,"542091", ,"542091","542091","302679781","0","0","3209602","5748","88741797","158937", , , , , , 
 , , ,"5650", ,"5650","5650","89682976","0","0","671893","42","38857089","2448", , , , , , 
 , , ,"15599", ,"15599","15599","247596590","0","0","38125580","2402","57086268","3596", , , , , , 
 , , ,"13905", ,"13905","13905","220713264","0","0","21517034","1356","36734005","2314", , , , , , 
 , , ,"7975", ,"7975","7975","126582660","0","0","36174971","2279","20924436","1318", , , , , , 
 , , ,"45555", ,"45555","45555","723100261","0","0","114532526","7216","23149900","1458", , , , , , 
 , , ,"195", ,"195","195","3090038","0","0","32976","2","346581","22", , , , , , 
 , , ,"7027", ,"7027","7027","111540752","0","0","32663203","2058","9706955","612", , , , , , 
 , , ,"886", ,"886","886","14066636","0","0","61308","4","183766","12", , , , , , 
 , , ,"4306", ,"4306","4306","68356795","0","0","26021158","1639","132208","8", , , , , , 
 , , ,"38522", ,"38522","38522","72657399","0","0","14829473","7860","202733","107", , , , , , 
 , , ,"1138", ,"1138","1138","18066384","0","0","2710357","171","3863392","243", , , , , , 
 , , ,"6204", ,"6204","6204","98471396","0","0","21140715","1332","14809809","933", , , , , , 
 , , ,"2250", ,"2250","2250","35713023","0","0","4967283","313","5713927","360", , , , , , 
 , , ,"6441", ,"6441","6441","102238303","0","0","30182688","1902","8458509","533", , , , , , 
 , , ,"7337", ,"7337","7337","116456420","0","0","31340901","1974","14839501","935", , , , , , 
 , , ,"314806", ,"314806","314806","590981759","0","0","66785864","35597","151455267","80726", , , , , , 
 , , ,"14675", ,"14675","14675","14816091","0","0","7878554","7800","450460","446", , , , , , 
 , , ,"366810", ,"366810","366810","57860875","0","0","5179462","32838","16151187","102399", , , , , , 
 , , ,"129", ,"129","129","2050161","0","0","1306", ,"764920","48", , , , , , 
 , ,"15378","728952", ,"744330","744330","304472957","0","0","3349894","8190","82131620","200812", , , , , , 
 , , ,"13800", ,"13800","13800","219054107","0","0","38292498","2412","25991067","1637", , , , , , 
 , ,"40836","8049", ,"48885","48885","65340766","0","0","1260774","943","26499889","19822", , , , , , 
 , , ,"1754", ,"1754","1754","27847126","0","0","342985","22","1300", , , , , , , 
 , , ,"1447", ,"1447","1447","22974513","0","0","261420","16", , , , , , , , 
 , , , , , , , , , , , , , , , , , , , 
 , , , , , , , , , , , , , , , , , , , 
"----","NO HEADER "," -------- ","NO HEADER"," ------- ","","","","","","", , , , , , , , , 
"----","NO HEADER "," -------- ","NO HEADER"," ------- ","","","","","","", , , , , , , , , 
 ,"D00A185[00100]","D00A185[00200]","D00A185[00300]","D00A185[00400]","D00A185[00500]","D00A185[00600]","D00A185[00700]", , , , , , , , , , , , 
 ,"0","73100082", , ,"16800080", , , , , , , , , , , , , , 
 ,"1","1015649", , ,"652547", , , , , , , , , , , , , , 
 ,"0","358318", , ,"133002", , , , , , , , , , , , , , 
 ,"0","11388496", , ,"2104344", , , , , , , , , , , , , , 
 ,"0","88200119", , ,"16554810", , , , , , , , , , , , , , 
 ,"0","88741797", , ,"15449592", , , , , , , , , , , , , , 
 ,"0","38857089", , ,"6936962", , , , , , , , , , , , , , 
 ,"0","57086268", , ,"6575996", , , , , , , , , , , , , , 
 ,"0","36734005", , ,"4529707", , , , , , , , , , , , , , 
 ,"0","20924436", , ,"2647548", , , , , , , , , , , , , , 
 ,"0","23149900","709420", ,"3093799","94808", , , , , , , , , , , , , 
 ,"0","346581","19803", ,"154441","8824", , , , , , , , , , , , , 
 ,"0","9706955", , ,"2784683", , , , , , , , , , , , , , 
 ,"0","183766", , ,"3037", , , , , , , , , , , , , , 
 ,"0","132208", , ,"34012", , , , , , , , , , , , , , 
 ,"0","202733", , ,"85689", , , , , , , , , , , , , , 
 ,"0","3863392", , ,"231012", , , , , , , , , , , , , , 
 ,"0","14809809", , ,"3659652", , , , , , , , , , , , , , 
 ,"0","5713927", , ,"2264732", , , , , , , , , , , , , , 
 ,"0","8458509","4092", ,"2462154","1191", , , , , , , , , , , , , 
 ,"0","14839501", , ,"4865457", , , , , , , , , , , , , , 
 ,"0","151455267","17610","341400","56395429","6557","127123", , , , , , , , , , , , 
 ,"1","450460", , ,"246665", , , , , , , , , , , , , , 
 ,"0","16151187", , ,"4139678", , , , , , , , , , , , , , 
 ,"1","764920", , ,"571741", , , , , , , , , , , , , , 
 ,"1","82131620", , ,"57339698", , , , , , , , , , , , , , 
 ,"0","25991067", , ,"7637813", , , , , , , , , , , , , , 
 ,"0","26499889", , ,"5860450", , , , , , , , , , , , , , 
 ,"0","1300", , ,"167", , , , , , , , , , , , , , 
 ,"0", , , , , , , , , , , , , , , , , , 
 , ,"801259250","750925","341400","224214897","111380","127123", , , , , , , , , , , , 
 , , , , , , , , , , , , , , , , , , , 
 , , , , , , , , , , , , , , , , , , , 
"----","NO HEADER "," -------- ","NO HEADER"," ------- ","","","","","","", , , , , , , , , 
"----","NO HEADER "," -------- ","NO HEADER"," ------- ","","","","","","", , , , , , , , , 
 ,"D00B182[00100]","D00B182[00200]","D00B182[00300]","D00B182[00400]","D00B182[00500]", , , , , , , , , , , , , , 
 ,"26616230","1089241927","0","106624","2605", , , , , , , , , , , , , , 
 ,"3122230","55809374","0","5818","325", , , , , , , , , , , , , , 
 ,"918177","50141149","0","779","14", , , , , , , , , , , , , , 
 ,"3428550","173074758","0","95643","1895", , , , , , , , , , , , , , 
 ,"10623957","435384983","0","105064","2564", , , , , , , , , , , , , , 
 ,"10946411","302679781","0","21713","785", , , , , , , , , , , , , , 
 ,"1982492","89682976","0","3501","77", , , , , , , , , , , , , , 
 ,"895269","247596590","0","103111","373", , , , , , , , , , , , , , 
 ,"1613350","220713264","0","206486","1509", , , , , , , , , , , , , , 
 ,"1006784","126582660","0","8221","65", , , , , , , , , , , , , , 
 ,"6490957","723100261","0","569932","5116", , , , , , , , , , , , , , 
 ,"37908","3090038","0","133","2", , , , , , , , , , , , , , 
 ,"1013620","111540752","0","50607","460", , , , , , , , , , , , , , 
 ,"14248","14066636","0","18", , , , , , , , , , , , , , , 
 ,"614035","68356795","0","60646","545", , , , , , , , , , , , , , 
 ,"1926820","72657399","0","312820","8296", , , , , , , , , , , , , , 
 ,"45521","18066384","0","15520","39", , , , , , , , , , , , , , 
 ,"1899358","98471396","0","4036","78", , , , , , , , , , , , , , 
 ,"1258775","35713023","0","40770","1437", , , , , , , , , , , , , , 
 ,"651926","102238303","0","8027","51", , , , , , , , , , , , , , 
 ,"677357","116456420","0","5444","32", , , , , , , , , , , , , , 
 ,"4855097","590981759","0","440477","3619", , , , , , , , , , , , , , 
 ,"649575","14816091","0","3382","148", , , , , , , , , , , , , , 
 ,"1001387","57860875","0","320522","5547", , , , , , , , , , , , , , 
 ,"29249","2050161","0","5", , , , , , , , , , , , , , , 
 ,"20178191","304472957","0","10332","685", , , , , , , , , , , , , , 
 ,"5247099","219054107","0","504024","12073", , , , , , , , , , , , , , 
 , ,"65340766", , , , , , , , , , , , , , , , , 
 ,"147726","27847126","0","4408","23", , , , , , , , , , , , , , 
 ,"197995","22974513","0", , , , , , , , , , , , , , , , 
 , , , , , , , , , , , , , , , , , , , 
 , , , , , , , , , , , , , , , , , , , 
"----","NO HEADER "," -------- ","NO HEADER"," ------- ","","","","","","", , , , , , , , , 
"----","NO HEADER "," -------- ","NO HEADER"," ------- ","","","","","","", , , , , , , , , 
 , ,"D00B184[00200]","D00B184[00300]", ,"D00B184[00500]","D00B184[00600]","D00B184[00700]","D00B184[00800]","D00B184[00900]","D00B184[01000]","D00B184[01100]","D00B184[01200]", , , , , , , 
 , , ,"67988", ,"67988","67988","1089241927","0","0","106624","7", , , , , , , , 
 , , ,"3516", ,"3516","3516","55809374","0","0","5818", , , , , , , , , 
 , ,"107880","3159", ,"111039","111039","50141149","0","0","779","2", , , , , , , , 
 , , ,"10904", ,"10904","10904","173074758","0","0","95643","6","18", , , , , , , 
 , , ,"27429", ,"27429","27429","435384983","0","0","105064","7","963", , , , , , , 
 , , ,"542091", ,"542091","542091","302679781","0","0","21713","39", , , , , , , , 
 , , ,"5650", ,"5650","5650","89682976","0","0","3501", , , , , , , , , 
 , , ,"15599", ,"15599","15599","247596590","0","0","103111","6","1641", , , , , , , 
 , , ,"13905", ,"13905","13905","220713264","0","0","206486","13","5", , , , , , , 
 , , ,"7975", ,"7975","7975","126582660","0","0","8221","1", , , , , , , , 
 , , ,"45555", ,"45555","45555","723100261","0","0","569932","36", , , , , , , , 
 , , ,"195", ,"195","195","3090038","0","0","133", , , , , , , , , 
 , , ,"7027", ,"7027","7027","111540752","0","0","50607","3", , , , , , , , 
 , , ,"886", ,"886","886","14066636","0","0","18", , , , , , , , , 
 , , ,"4306", ,"4306","4306","68356795","0","0","60646","4", , , , , , , , 
 , , ,"38522", ,"38522","38522","72657399","0","0","312820","166", , , , , , , , 
 , , ,"1138", ,"1138","1138","18066384","0","0","15520","1", , , , , , , , 
 , , ,"6204", ,"6204","6204","98471396","0","0","4036", ,"1", , , , , , , 
 , , ,"2250", ,"2250","2250","35713023","0","0","40770","3", , , , , , , , 
 , , ,"6441", ,"6441","6441","102238303","0","0","8027","1", , , , , , , , 
 , , ,"7337", ,"7337","7337","116456420","0","0","5444", , , , , , , , , 
 , , ,"314806", ,"314806","314806","590981759","0","0","440477","235","83", , , , , , , 
 , , ,"14675", ,"14675","14675","14816091","0","0","3382","3", , , , , , , , 
 , , ,"366810", ,"366810","366810","57860875","0","0","320522","2032","1", , , , , , , 
 , , ,"129", ,"129","129","2050161","0","0","5", , , , , , , , , 
 , ,"15378","728952", ,"744330","744330","304472957","0","0","10332","25","5", , , , , , , 
 , , ,"13800", ,"13800","13800","219054107","0","0","504024","32", , , , , , , , 
 , , , , , , ,"65340766", , , , , , , , , , , , 
 , , ,"1754", ,"1754","1754","27847126","0","0","4408", , , , , , , , , 
 , , ,"1447", ,"1447","1447","22974513","0","0", , , , , , , , , , 
 , , , , , , , , , , , , , , , , , , , 
 , , , , , , , , , , , , , , , , , , , 
"----","NO HEADER "," -------- ","NO HEADER"," ------- ","","","","","","", , , , , , , , , 
"----","NO HEADER "," -------- ","NO HEADER"," ------- ","","","","","","", , , , , , , , , 
 ,"D00B185[00100]","D00B185[00200]", , ,"D00B185[00500]", , , , , , , , , , , , , , 
 ,"0", , , , , , , , , , , , , , , , , , 
 ,"1", , , , , , , , , , , , , , , , , , 
 ,"0", , , , , , , , , , , , , , , , , , 
 ,"0","18", , ,"3", , , , , , , , , , , , , , 
 ,"0","963", , ,"181", , , , , , , , , , , , , , 
 ,"0", , , , , , , , , , , , , , , , , , 
 ,"0", , , , , , , , , , , , , , , , , , 
 ,"0","1641", , ,"189", , , , , , , , , , , , , , 
 ,"0","5", , ,"1", , , , , , , , , , , , , , 
 ,"0", , , , , , , , , , , , , , , , , , 
 ,"0", , , , , , , , , , , , , , , , , , 
 ,"0", , , , , , , , , , , , , , , , , , 
 ,"0", , , , , , , , , , , , , , , , , , 
 ,"0", , , , , , , , , , , , , , , , , , 
 ,"0", , , , , , , , , , , , , , , , , , 
 ,"0", , , , , , , , , , , , , , , , , , 
 ,"0", , , , , , , , , , , , , , , , , , 
 ,"0","1", , , , , , , , , , , , , , , , , 
 ,"0", , , , , , , , , , , , , , , , , , 
 ,"0", , , , , , , , , , , , , , , , , , 
 ,"0", , , , , , , , , , , , , , , , , , 
 ,"0","83", , ,"31", , , , , , , , , , , , , , 
 ,"1", , , , , , , , , , , , , , , , , , 
 ,"0","1", , , , , , , , , , , , , , , , , 
 ,"1", , , , , , , , , , , , , , , , , , 
 ,"1","5", , ,"3", , , , , , , , , , , , , , 
 ,"0", , , , , , , , , , , , , , , , , , 
 ,"0", , , , , , , , , , , , , , , , , , 
 ,"0", , , , , , , , , , , , , , , , , , 
 ,"0", , , , , , , , , , , , , , , , , , 
 , ,"2717", , ,"408", , , , , , , , , , , , , , 
 , , , , , , , , , , , , , , , , , , , 
 , , , , , , , , , , , , , , , , , , , 
"----","NO HEADER "," -------- ","NO HEADER"," ------- ","","","","","","", , , , , , , , , 
"----","NO HEADER "," -------- ","NO HEADER"," ------- ","","","","","","", , , , , , , , , 
 ,"D10A181[00100]","D10A181[00200]","D10A181[00300]","D10A181[00400]","D10A181[00500]", , , , , , , , , , , , , , 
 ,"250846", , , , , , , , , , , , , , , , , , 
 ,"250846", , , , , , , , , , , , , , , , , , 
 ,"240334", , , , , , , , , , , , , , , , , , 
 ,"103950", , , , , , , , , , , , , , , , , , 
 ,"344820114", , , , , , , , , , , , , , , , , , 
 ,"344820114", , , , , , , , , , , , , , , , , , 
 ,"344820114", , , , , , , , , , , , , , , , , , 
 ,"1375", , , , , , , , , , , , , , , , , , 
 ,"142892789", , , , , , , , , , , , , , , , , , 
 ,"142892789", , , , , , , , , , , , , , , , , , 
 ,"21630084","5950","3635","4856","17653065", , , , , , , , , , , , , , 
 ,"14316025","4971","2880","2247","6471158", , , , , , , , , , , , , , 
 ,"2834311","2190","1294","464","600513", , , , , , , , , , , , , , 
 ,"17734881","4734","3746","2041","7646157", , , , , , , , , , , , , , 
 ,"55489578","18617","2981","5711","17022149", , , , , , , , , , , , , , 
 ,"24823332","7043","3525", , , , , , , , , , , , , , , , 
 ,"202083609", , , , , , , , , , , , , , , , , , 
 ,"394369440", , , , , , , , , , , , , , , , , , 
 ,"14389251", , , , , , , , , , , , , , , , , , 
 ,"14560768", , , , , , , , , , , , , , , , , , 
 ,"28950019", , , , , , , , , , , , , , , , , , 
 ,"365419421", , , , , , , , , , , , , , , , , , 
 ,"10512", , , , , , , , , , , , , , , , , , 
 ,"1375", , , , , , , , , , , , , , , , , , 
 ,"14450111", , , , , , , , , , , , , , , , , , 
 ,"26520684","344820114","0","14450111","1111387", , , , , , , , , , , , , , 
 ,"974360","344820114","0","14450111","40836", , , , , , , , , , , , , , 
 ,"192140","344820114","0","14450111","8049", , , , , , , , , , , , , , 
 , , , , , , , , , , , , , , , , , , , 
 , , , , , , , , , , , , , , , , , , , 
"----","NO HEADER "," -------- ","NO HEADER"," ------- ","","","","","","", , , , , , , , , 
"----","NO HEADER "," -------- ","NO HEADER"," ------- ","","","","","","", , , , , , , , , 
 ,"D10A191[00100]", , , , , , , , , , , , , , , , , , 
 ,"250846", , , , , , , , , , , , , , , , , , 
 ,"250846", , , , , , , , , , , , , , , , , , 
 ,"240334", , , , , , , , , , , , , , , , , , 
 ,"39905", , , , , , , , , , , , , , , , , , 
 ,"56558998", , , , , , , , , , , , , , , , , , 
 ,"10512", , , , , , , , , , , , , , , , , , 
 , , , , , , , , , , , , , , , , , , , 
 , , , , , , , , , , , , , , , , , , , 
"----","NO HEADER "," -------- ","NO HEADER"," ------- ","","","","","","", , , , , , , , , 
"----","NO HEADER "," -------- ","NO HEADER"," ------- ","","","","","","", , , , , , , , , 
 ,"D10B181[00100]","D10B181[00200]","D10B181[00300]", , , , , , , , , , , , , , , , 
 ,"8548", , , , , , , , , , , , , , , , , , 
 ,"8548", , , , , , , , , , , , , , , , , , 
 ,"8548", , , , , , , , , , , , , , , , , , 
 ,"3107", , , , , , , , , , , , , , , , , , 
 ,"10846503", , , , , , , , , , , , , , , , , , 
 ,"10846503", , , , , , , , , , , , , , , , , , 
 ,"10846503", , , , , , , , , , , , , , , , , , 
 ,"1269", , , , , , , , , , , , , , , , , , 
 ,"3942441", , , , , , , , , , , , , , , , , , 
 ,"3942441", , , , , , , , , , , , , , , , , , 
 ,"779426", , , , , , , , , , , , , , , , , , 
 ,"4721867", , , , , , , , , , , , , , , , , , 
 ,"247535", , , , , , , , , , , , , , , , , , 
 ,"50985", , , , , , , , , , , , , , , , , , 
 ,"298520", , , , , , , , , , , , , , , , , , 
 ,"4423347", , , , , , , , , , , , , , , , , , 
 ,"633538","10846503","0", , , , , , , , , , , , , , , , 
 ,"45423","10846503","0", , , , , , , , , , , , , , , , 
 ,"1986","10846503","0", , , , , , , , , , , , , , , , 
 , , , , , , , , , , , , , , , , , , , 
 , , , , , , , , , , , , , , , , , , , 
"----","NO HEADER "," -------- ","NO HEADER"," ------- ","","","","","","", , , , , , , , , 
"----","NO HEADER "," -------- ","NO HEADER"," ------- ","","","","","","", , , , , , , , , 
 ,"D10B191[00100]", , , , , , , , , , , , , , , , , , 
 ,"8548", , , , , , , , , , , , , , , , , , 
 ,"8548", , , , , , , , , , , , , , , , , , 
 , , , , , , , , , , , , , , , , , , , 
 , , , , , , , , , , , , , , , , , , , 
"----","NO HEADER "," -------- ","NO HEADER"," ------- ","","","","","","", , , , , , , , , 
"----","NO HEADER "," -------- ","NO HEADER"," ------- ","","","","","","", , , , , , , , , 
 ,"D30A180[00100]","D30A180[00200]","D30A180[00300]", , , , , , , , , , , , , , , , 
 , ,"389448030", , , , , , , , , , , , , , , , , 
 , ,"39443696", , , , , , , , , , , , , , , , , 
 , ,"18275592", , , , , , , , , , , , , , , , , 
 , ,"3765968", , , , , , , , , , , , , , , , , 
 , ,"16605664", , , , , , , , , , , , , , , , , 
 , ,"46488305", , , , , , , , , , , , , , , , , 
 ,"0","239329441","55032130", , , , , , , , , , , , , , , , 
 ,"1","11337732","7284413", , , , , , , , , , , , , , , , 
 ,"0","1574960","589810", , , , , , , , , , , , , , , , 
 ,"0","33253583","6434269", , , , , , , , , , , , , , , , 
 ,"0","59933661","11392070", , , , , , , , , , , , , , , , 
 ,"0","3209602","565349", , , , , , , , , , , , , , , , 
 ,"0","671893","119950", , , , , , , , , , , , , , , , 
 ,"0","38125580","4391838", , , , , , , , , , , , , , , , 
 ,"0","21517034","2653287", , , , , , , , , , , , , , , , 
 ,"0","36174971","4582247", , , , , , , , , , , , , , , , 
 ,"0","114532526","15477009", , , , , , , , , , , , , , , , 
 ,"0","32976","14695", , , , , , , , , , , , , , , , 
 ,"0","32663203","9370256", , , , , , , , , , , , , , , , 
 ,"0","61308","1013", , , , , , , , , , , , , , , , 
 ,"0","26021158","6694229", , , , , , , , , , , , , , , , 
 ,"0","14829473","6267988", , , , , , , , , , , , , , , , 
 ,"0","2710357","162066", , , , , , , , , , , , , , , , 
 ,"0","21140715","5224082", , , , , , , , , , , , , , , , 
 ,"0","4967283","1969955", , , , , , , , , , , , , , , , 
 ,"0","30182688","8785758", , , , , , , , , , , , , , , , 
 ,"0","31340901","10275804", , , , , , , , , , , , , , , , 
 ,"0","66785864","24868184", , , , , , , , , , , , , , , , 
 ,"1","7878554","4333173", , , , , , , , , , , , , , , , 
 ,"0","5179462","1339538", , , , , , , , , , , , , , , , 
 ,"1","1306","976", , , , , , , , , , , , , , , , 
 ,"1","3349894","2385748", , , , , , , , , , , , , , , , 
 ,"0","38292498","11490392", , , , , , , , , , , , , , , , 
 ,"0","1260774","278820", , , , , , , , , , , , , , , , 
 ,"0","342985","44091", , , , , , , , , , , , , , , , 
 ,"0","261420","54469", , , , , , , , , , , , , , , , 
 , ,"846963802","202083609", , , , , , , , , , , , , , , , 
 , , , , , , , , , , , , , , , , , , , 
 , , , , , , , , , , , , , , , , , , , 
"----","NO HEADER "," -------- ","NO HEADER"," ------- ","","","","","","", , , , , , , , , 
"----","NO HEADER "," -------- ","NO HEADER"," ------- ","","","","","","", , , , , , , , , 
 ,"D30B180[00100]","D30B180[00200]","D30B180[00300]", , , , , , , , , , , , , , , , 
 , ,"11459788", , , , , , , , , , , , , , , , , 
 ,"0","106624","24517", , , , , , , , , , , , , , , , 
 ,"1","5818","3738", , , , , , , , , , , , , , , , 
 ,"0","779","292", , , , , , , , , , , , , , , , 
 ,"0","95643","18506", , , , , , , , , , , , , , , , 
 ,"0","105064","19970", , , , , , , , , , , , , , , , 
 ,"0","21713","3825", , , , , , , , , , , , , , , , 
 ,"0","3501","625", , , , , , , , , , , , , , , , 
 ,"0","103111","11878", , , , , , , , , , , , , , , , 
 ,"0","206486","25462", , , , , , , , , , , , , , , , 
 ,"0","8221","1041", , , , , , , , , , , , , , , , 
 ,"0","569932","77016", , , , , , , , , , , , , , , , 
 ,"0","133","59", , , , , , , , , , , , , , , , 
 ,"0","50607","14518", , , , , , , , , , , , , , , , 
 ,"0","18", , , , , , , , , , , , , , , , , 
 ,"0","60646","15602", , , , , , , , , , , , , , , , 
 ,"0","312820","132220", , , , , , , , , , , , , , , , 
 ,"0","15520","928", , , , , , , , , , , , , , , , 
 ,"0","4036","997", , , , , , , , , , , , , , , , 
 ,"0","40770","16169", , , , , , , , , , , , , , , , 
 ,"0","8027","2337", , , , , , , , , , , , , , , , 
 ,"0","5444","1785", , , , , , , , , , , , , , , , 
 ,"0","440477","164015", , , , , , , , , , , , , , , , 
 ,"1","3382","1860", , , , , , , , , , , , , , , , 
 ,"0","320522","82895", , , , , , , , , , , , , , , , 
 ,"1","5","4", , , , , , , , , , , , , , , , 
 ,"1","10332","7358", , , , , , , , , , , , , , , , 
 ,"0","504024","151242", , , , , , , , , , , , , , , , 
 ,"0", , , , , , , , , , , , , , , , , , 
 ,"0","4408","567", , , , , , , , , , , , , , , , 
 ,"0", , , , , , , , , , , , , , , , , , 
 , ,"3008063","779426", , , , , , , , , , , , , , , , 
 , , , , , , , , , , , , , , , , , , , 
 , , , , , , , , , , , , , , , , , , , 
"----","NO HEADER "," -------- ","NO HEADER"," ------- ","","","","","","", , , , , , , , , 
"----","NO HEADER "," -------- ","NO HEADER"," ------- ","","","","","","", , , , , , , , , 
 ,"D4H0000[00100]","D4H0000[00200]","D4H0000[00300]", , , , , , , , , , , , , , , , 
 , ,"1375", , , , , , , , , , , , , , , , , 
 , ,"3635", , , , , , , , , , , , , , , , , 
 , ,"2880", , , , , , , , , , , , , , , , , 
 , ,"1294", , , , , , , , , , , , , , , , , 
 , ,"3746", , , , , , , , , , , , , , , , , 
 , ,"2981", , , , , , , , , , , , , , , , , 
 , ,"3525", , , , , , , , , , , , , , , , , 
 ,"0","60596","13926", , , , , , , , , , , , , , , , 
 ,"1", , , , , , , , , , , , , , , , , , 
 ,"0", , , , , , , , , , , , , , , , , , 
 ,"0", , , , , , , , , , , , , , , , , , 
 ,"0","2381","447", , , , , , , , , , , , , , , , 
 ,"0", , , , , , , , , , , , , , , , , , 
 ,"0", , , , , , , , , , , , , , , , , , 
 ,"0", , , , , , , , , , , , , , , , , , 
 ,"0", , , , , , , , , , , , , , , , , , 
 ,"0", , , , , , , , , , , , , , , , , , 
 ,"0","16450","2198", , , , , , , , , , , , , , , , 
 ,"0","69775","31093", , , , , , , , , , , , , , , , 
 ,"0", , , , , , , , , , , , , , , , , , 
 ,"0", , , , , , , , , , , , , , , , , , 
 ,"0","1008","259", , , , , , , , , , , , , , , , 
 ,"0", , , , , , , , , , , , , , , , , , 
 ,"0", , , , , , , , , , , , , , , , , , 
 ,"0","1533","379", , , , , , , , , , , , , , , , 
 ,"0", , , , , , , , , , , , , , , , , , 
 ,"0", , , , , , , , , , , , , , , , , , 
 ,"0", , , , , , , , , , , , , , , , , , 
 ,"0","341","127", , , , , , , , , , , , , , , , 
 ,"1", , , , , , , , , , , , , , , , , , 
 ,"0", , , , , , , , , , , , , , , , , , 
 ,"1", , , , , , , , , , , , , , , , , , 
 ,"1", , , , , , , , , , , , , , , , , , 
 ,"0", , , , , , , , , , , , , , , , , , 
 ,"0", , , , , , , , , , , , , , , , , , 
 ,"0", , , , , , , , , , , , , , , , , , 
 , ,"152084","48429", , , , , , , , , , , , , , , , 
 ,"48429", ,"152084", , , , , , , , , , , , , , , , 
 ,"1467485", ,"1292436", , , , , , , , , , , , , , , , 
 ,"1515914", ,"1444520", , , , , , , , , , , , , , , , 
 , ,"25", , , , , , , , , , , , , , , , , 
 , ,"9", , , , , , , , , , , , , , , , , 
 , ,"0", , , , , , , , , , , , , , , , , 
 ,"545729", ,"520027", , , , , , , , , , , , , , , , 
 ,"38400", , , , , , , , , , , , , , , , , , 
 ,"507329", ,"520027", , , , , , , , , , , , , , , , 
 ,"507329", ,"520027", , , , , , , , , , , , , , , , 
 , ,"7", , , , , , , , , , , , , , , , , 
 , ,"18", , , , , , , , , , , , , , , , , 
 , ,"25", , , , , , , , , , , , , , , , , 
 , ,"18", , , , , , , , , , , , , , , , , 
 , ,"7","38400", , , , , , , , , , , , , , , , 
 , , , , , , , , , , , , , , , , , , , 
 , , , , , , , , , , , , , , , , , , , 
"----","NO HEADER "," -------- ","NO HEADER"," ------- ","","","","","","", , , , , , , , , 
"----","NO HEADER "," -------- ","NO HEADER"," ------- ","","","","","","", , , , , , , , , 
 ,"D4K0000[00100]","D4K0000[00200]","D4K0000[00300]","D4K0000[00400]", , , , , , , , , , , , , , , 
 ,"322696","1375","88","120967", , , , , , , , , , , , , , , 
 , ,"3635", , , , , , , , , , , , , , , , , 
 , ,"2880", , , , , , , , , , , , , , , , , 
 , ,"1294", , , , , , , , , , , , , , , , , 
 , ,"3746", , , , , , , , , , , , , , , , , 
 , ,"2981", , , , , , , , , , , , , , , , , 
 , ,"3525", , , , , , , , , , , , , , , , , 
 ,"322696", ,"88","120967", , , , , , , , , , , , , , , 
 ,"0","2115827","486266", , , , , , , , , , , , , , , , 
 ,"1","44213","28407", , , , , , , , , , , , , , , , 
 ,"0", , , , , , , , , , , , , , , , , , 
 ,"0","219893","40631", , , , , , , , , , , , , , , , 
 ,"0","141449","26549", , , , , , , , , , , , , , , , 
 ,"0", , , , , , , , , , , , , , , , , , 
 ,"0", , , , , , , , , , , , , , , , , , 
 ,"0","421901","48600", , , , , , , , , , , , , , , , 
 ,"0", , , , , , , , , , , , , , , , , , 
 ,"0", , , , , , , , , , , , , , , , , , 
 ,"0","1758933","235067", , , , , , , , , , , , , , , , 
 ,"0","1487666","662925", , , , , , , , , , , , , , , , 
 ,"0","182883","52465", , , , , , , , , , , , , , , , 
 ,"0", , , , , , , , , , , , , , , , , , 
 ,"0","27952","7191", , , , , , , , , , , , , , , , 
 ,"0", , , , , , , , , , , , , , , , , , 
 ,"0","27253","1630", , , , , , , , , , , , , , , , 
 ,"0","7234","1788", , , , , , , , , , , , , , , , 
 ,"0", , , , , , , , , , , , , , , , , , 
 ,"0","775","226", , , , , , , , , , , , , , , , 
 ,"0", , , , , , , , , , , , , , , , , , 
 ,"0","23370","8702", , , , , , , , , , , , , , , , 
 ,"1", , , , , , , , , , , , , , , , , , 
 ,"0", , , , , , , , , , , , , , , , , , 
 ,"1", , , , , , , , , , , , , , , , , , 
 ,"1","507879","354573", , , , , , , , , , , , , , , , 
 ,"0","3412","1003", , , , , , , , , , , , , , , , 
 ,"0", , , , , , , , , , , , , , , , , , 
 ,"0", , , , , , , , , , , , , , , , , , 
 , ,"6970640","1956023", , , , , , , , , , , , , , , , 
 , ,"88", , , , , , , , , , , , , , , , , 
 , ,"88", , , , , , , , , , , , , , , , , 
 ,"507879", , , , , , , , , , , , , , , , , , 
 ,"3412", , , , , , , , , , , , , , , , , , 
 ,"511291", , , , , , , , , , , , , , , , , , 
 ,"2076990", ,"7293336", , , , , , , , , , , , , , , , 
 ,"5007461", ,"9253772", , , , , , , , , , , , , , , , 
 ,"7084451", ,"16547108", , , , , , , , , , , , , , , , 
 , ,"125", , , , , , , , , , , , , , , , , 
 , ,"85", , , , , , , , , , , , , , , , , 
 , ,"1", , , , , , , , , , , , , , , , , 
 ,"4817427", ,"11252033", , , , , , , , , , , , , , , , 
 ,"279840", , , , , , , , , , , , , , , , , , 
 ,"4537587", ,"11252033", , , , , , , , , , , , , , , , 
 ,"4537587", ,"11252033", , , , , , , , , , , , , , , , 
 ,"30","33", , , , , , , , , , , , , , , , , 
 ,"8", , , , , , , , , , , , , , , , , , 
 , ,"54", , , , , , , , , , , , , , , , , 
 ,"38","87", , , , , , , , , , , , , , , , , 
 ,"30","54", , , , , , , , , , , , , , , , , 
 ,"33", ,"144117", , , , , , , , , , , , , , , , 
 ,"8", ,"135723", , , , , , , , , , , , , , , , 
 , , , , , , , , , , , , , , , , , , , 
 , , , , , , , , , , , , , , , , , , , 
"----","NO HEADER "," -------- ","NO HEADER"," ------- ","","","","","","", , , , , , , , , 
"----","NO HEADER "," -------- ","NO HEADER"," ------- ","","","","","","", , , , , , , , , 
 ,"D4L0000[00100]","D4L0000[00200]","D4L0000[00300]","D4L0000[00400]", , , , , , , , , , , , , , , 
 ,"95342","1375","26","35740", , , , , , , , , , , , , , , 
 , ,"3635", , , , , , , , , , , , , , , , , 
 , ,"2880", , , , , , , , , , , , , , , , , 
 , ,"1294", , , , , , , , , , , , , , , , , 
 ,"65216","3746","8","29970", , , , , , , , , , , , , , , 
 , ,"2981", , , , , , , , , , , , , , , , , 
 , ,"3525", , , , , , , , , , , , , , , , , 
 ,"160558", ,"34","65710", , , , , , , , , , , , , , , 
 ,"0","585985","134673", , , , , , , , , , , , , , , , 
 ,"1","792","509", , , , , , , , , , , , , , , , 
 ,"0", , , , , , , , , , , , , , , , , , 
 ,"0","56285","10400", , , , , , , , , , , , , , , , 
 ,"0","205443","38561", , , , , , , , , , , , , , , , 
 ,"0", , , , , , , , , , , , , , , , , , 
 ,"0", , , , , , , , , , , , , , , , , , 
 ,"0","128210","14769", , , , , , , , , , , , , , , , 
 ,"0", , , , , , , , , , , , , , , , , , 
 ,"0", , , , , , , , , , , , , , , , , , 
 ,"0","878698","117431", , , , , , , , , , , , , , , , 
 ,"0","7287","3247", , , , , , , , , , , , , , , , 
 ,"0","66671","19126", , , , , , , , , , , , , , , , 
 ,"0", , , , , , , , , , , , , , , , , , 
 ,"0","2851","733", , , , , , , , , , , , , , , , 
 ,"0", , , , , , , , , , , , , , , , , , 
 ,"0","8235","492", , , , , , , , , , , , , , , , 
 ,"0","17831","4406", , , , , , , , , , , , , , , , 
 ,"0", , , , , , , , , , , , , , , , , , 
 ,"0","207","60", , , , , , , , , , , , , , , , 
 ,"0", , , , , , , , , , , , , , , , , , 
 ,"0","22633","8428", , , , , , , , , , , , , , , , 
 ,"1", , , , , , , , , , , , , , , , , , 
 ,"0","5842","1497", , , , , , , , , , , , , , , , 
 ,"1", , , , , , , , , , , , , , , , , , 
 ,"1","187352","130799", , , , , , , , , , , , , , , , 
 ,"0", , , , , , , , , , , , , , , , , , 
 ,"0", , , , , , , , , , , , , , , , , , 
 ,"0", , , , , , , , , , , , , , , , , , 
 , ,"2174322","485131", , , , , , , , , , , , , , , , 
 , ,"26", , , , , , , , , , , , , , , , , 
 , ,"8", , , , , , , , , , , , , , , , , 
 , ,"34", , , , , , , , , , , , , , , , , 
 ,"187352", , , , , , , , , , , , , , , , , , 
 ,"187352", , , , , , , , , , , , , , , , , , 
 ,"550841", ,"2334880", , , , , , , , , , , , , , , , 
 ,"5179156", ,"4885469", , , , , , , , , , , , , , , , 
 ,"5729997", ,"7220349", , , , , , , , , , , , , , , , 
 , ,"77", , , , , , , , , , , , , , , , , 
 , ,"35", , , , , , , , , , , , , , , , , 
 , ,"0", , , , , , , , , , , , , , , , , 
 ,"2604541", ,"3281974", , , , , , , , , , , , , , , , 
 ,"57959", , , , , , , , , , , , , , , , , , 
 ,"2546582", ,"3281974", , , , , , , , , , , , , , , , 
 ,"2546582", ,"3281974", , , , , , , , , , , , , , , , 
 ,"5","13", , , , , , , , , , , , , , , , , 
 , ,"59", , , , , , , , , , , , , , , , , 
 ,"5","72", , , , , , , , , , , , , , , , , 
 ,"5","59", , , , , , , , , , , , , , , , , 
 , ,"13","57959", , , , , , , , , , , , , , , , 
 , , , , , , , , , , , , , , , , , , , 
 , , , , , , , , , , , , , , , , , , , 
"----","NO HEADER "," -------- ","NO HEADER"," ------- ","","","","","","", , , , , , , , , 
"----","NO HEADER "," -------- ","NO HEADER"," ------- ","","","","","","", , , , , , , , , 
 ,"D4N0000[00100]","D4N0000[00200]","D4N0000[00300]", , , , , , , , , , , , , , , , 
 , ,"1375", , , , , , , , , , , , , , , , , 
 , ,"3635", , , , , , , , , , , , , , , , , 
 , ,"2880", , , , , , , , , , , , , , , , , 
 , ,"1294", , , , , , , , , , , , , , , , , 
 , ,"3746", , , , , , , , , , , , , , , , , 
 , ,"2981", , , , , , , , , , , , , , , , , 
 , ,"3525", , , , , , , , , , , , , , , , , 
 ,"0","3367","774", , , , , , , , , , , , , , , , 
 ,"1", , , , , , , , , , , , , , , , , , 
 ,"0", , , , , , , , , , , , , , , , , , 
 ,"0", , , , , , , , , , , , , , , , , , 
 ,"0", , , , , , , , , , , , , , , , , , 
 ,"0", , , , , , , , , , , , , , , , , , 
 ,"0", , , , , , , , , , , , , , , , , , 
 ,"0", , , , , , , , , , , , , , , , , , 
 ,"0", , , , , , , , , , , , , , , , , , 
 ,"0", , , , , , , , , , , , , , , , , , 
 ,"0","4627","618", , , , , , , , , , , , , , , , 
 ,"0","4408","1964", , , , , , , , , , , , , , , , 
 ,"0","186","53", , , , , , , , , , , , , , , , 
 ,"0", , , , , , , , , , , , , , , , , , 
 ,"0", , , , , , , , , , , , , , , , , , 
 ,"0", , , , , , , , , , , , , , , , , , 
 ,"0", , , , , , , , , , , , , , , , , , 
 ,"0", , , , , , , , , , , , , , , , , , 
 ,"0", , , , , , , , , , , , , , , , , , 
 ,"0", , , , , , , , , , , , , , , , , , 
 ,"0", , , , , , , , , , , , , , , , , , 
 ,"0", , , , , , , , , , , , , , , , , , 
 ,"1", , , , , , , , , , , , , , , , , , 
 ,"0", , , , , , , , , , , , , , , , , , 
 ,"1", , , , , , , , , , , , , , , , , , 
 ,"1","2737","1911", , , , , , , , , , , , , , , , 
 ,"0", , , , , , , , , , , , , , , , , , 
 ,"0", , , , , , , , , , , , , , , , , , 
 ,"0", , , , , , , , , , , , , , , , , , 
 , ,"15325","5320", , , , , , , , , , , , , , , , 
 ,"2737", , , , , , , , , , , , , , , , , , 
 ,"2737", , , , , , , , , , , , , , , , , , 
 ,"5320", ,"15325", , , , , , , , , , , , , , , , 
 ,"78966", ,"263028", , , , , , , , , , , , , , , , 
 ,"84286", ,"278353", , , , , , , , , , , , , , , , 
 , ,"4", , , , , , , , , , , , , , , , , 
 , ,"2", , , , , , , , , , , , , , , , , 
 , ,"1", , , , , , , , , , , , , , , , , 
 ,"42143", ,"139177", , , , , , , , , , , , , , , , 
 ,"2394", , , , , , , , , , , , , , , , , , 
 ,"39749", ,"139177", , , , , , , , , , , , , , , , 
 ,"39749", ,"139177", , , , , , , , , , , , , , , , 
 , ,"1", , , , , , , , , , , , , , , , , 
 , ,"3", , , , , , , , , , , , , , , , , 
 , ,"4", , , , , , , , , , , , , , , , , 
 , ,"3", , , , , , , , , , , , , , , , , 
 , ,"1","2394", , , , , , , , , , , , , , , , 
 , , , , , , , , , , , , , , , , , , , 
 , , , , , , , , , , , , , , , , , , , 
"----","NO HEADER "," -------- ","NO HEADER"," ------- ","","","","","","", , , , , , , , , 
"----","NO HEADER "," -------- ","NO HEADER"," ------- ","","","","","","", , , , , , , , , 
 ,"D4P0000[00100]","D4P0000[00200]","D4P0000[00300]", , , , , , , , , , , , , , , , 
 , ,"1375", , , , , , , , , , , , , , , , , 
 , ,"3635", , , , , , , , , , , , , , , , , 
 , ,"2880", , , , , , , , , , , , , , , , , 
 , ,"1294", , , , , , , , , , , , , , , , , 
 , ,"3746", , , , , , , , , , , , , , , , , 
 , ,"2981", , , , , , , , , , , , , , , , , 
 , ,"3525", , , , , , , , , , , , , , , , , 
 ,"0","15710","3611", , , , , , , , , , , , , , , , 
 ,"1", , , , , , , , , , , , , , , , , , 
 ,"0", , , , , , , , , , , , , , , , , , 
 ,"0", , , , , , , , , , , , , , , , , , 
 ,"0","10202","1915", , , , , , , , , , , , , , , , 
 ,"0", , , , , , , , , , , , , , , , , , 
 ,"0", , , , , , , , , , , , , , , , , , 
 ,"0","22972","2646", , , , , , , , , , , , , , , , 
 ,"0", , , , , , , , , , , , , , , , , , 
 ,"0", , , , , , , , , , , , , , , , , , 
 ,"0","409813","54768", , , , , , , , , , , , , , , , 
 ,"0","113309","50492", , , , , , , , , , , , , , , , 
 ,"0","22795","6539", , , , , , , , , , , , , , , , 
 ,"0", , , , , , , , , , , , , , , , , , 
 ,"0","523","135", , , , , , , , , , , , , , , , 
 ,"0", , , , , , , , , , , , , , , , , , 
 ,"0","591","35", , , , , , , , , , , , , , , , 
 ,"0","1533","379", , , , , , , , , , , , , , , , 
 ,"0", , , , , , , , , , , , , , , , , , 
 ,"0", , , , , , , , , , , , , , , , , , 
 ,"0", , , , , , , , , , , , , , , , , , 
 ,"0","494","184", , , , , , , , , , , , , , , , 
 ,"1", , , , , , , , , , , , , , , , , , 
 ,"0","345479","88549", , , , , , , , , , , , , , , , 
 ,"1", , , , , , , , , , , , , , , , , , 
 ,"1","85461","59664", , , , , , , , , , , , , , , , 
 ,"0", , , , , , , , , , , , , , , , , , 
 ,"0", , , , , , , , , , , , , , , , , , 
 ,"0", , , , , , , , , , , , , , , , , , 
 , ,"1028882","268917", , , , , , , , , , , , , , , , 
 ,"85461", , , , , , , , , , , , , , , , , , 
 ,"85461", , , , , , , , , , , , , , , , , , 
 ,"268917", ,"1028882", , , , , , , , , , , , , , , , 
 ,"1721411", ,"1143403", , , , , , , , , , , , , , , , 
 ,"1990328", ,"2172285", , , , , , , , , , , , , , , , 
 , ,"20", , , , , , , , , , , , , , , , , 
 , ,"8", , , , , , , , , , , , , , , , , 
 , ,"0", , , , , , , , , , , , , , , , , 
 ,"796131", ,"868914", , , , , , , , , , , , , , , , 
 ,"10106", , , , , , , , , , , , , , , , , , 
 ,"786025", ,"868914", , , , , , , , , , , , , , , , 
 ,"786025", ,"868914", , , , , , , , , , , , , , , , 
 , ,"3", , , , , , , , , , , , , , , , , 
 , ,"17", , , , , , , , , , , , , , , , , 
 , ,"20", , , , , , , , , , , , , , , , , 
 , ,"17", , , , , , , , , , , , , , , , , 
 , ,"3","10106", , , , , , , , , , , , , , , , 
 , , , , , , , , , , , , , , , , , , , 
 , , , , , , , , , , , , , , , , , , , 
"----","NO HEADER "," -------- ","NO HEADER"," ------- ","","","","","","", , , , , , , , , 
"----","NO HEADER "," -------- ","NO HEADER"," ------- ","","","","","","", , , , , , , , , 
 ,"D4S0000[00100]","D4S0000[00200]","D4S0000[00300]", , , , , , , , , , , , , , , , 
 , ,"1375", , , , , , , , , , , , , , , , , 
 , ,"3635", , , , , , , , , , , , , , , , , 
 , ,"2880", , , , , , , , , , , , , , , , , 
 , ,"1294", , , , , , , , , , , , , , , , , 
 , ,"3746", , , , , , , , , , , , , , , , , 
 , ,"2981", , , , , , , , , , , , , , , , , 
 , ,"3525", , , , , , , , , , , , , , , , , 
 ,"0","2244","516", , , , , , , , , , , , , , , , 
 ,"1", , , , , , , , , , , , , , , , , , 
 ,"0", , , , , , , , , , , , , , , , , , 
 ,"0", , , , , , , , , , , , , , , , , , 
 ,"0", , , , , , , , , , , , , , , , , , 
 ,"0", , , , , , , , , , , , , , , , , , 
 ,"0", , , , , , , , , , , , , , , , , , 
 ,"0", , , , , , , , , , , , , , , , , , 
 ,"0", , , , , , , , , , , , , , , , , , 
 ,"0", , , , , , , , , , , , , , , , , , 
 ,"0","3085","412", , , , , , , , , , , , , , , , 
 ,"0","2939","1310", , , , , , , , , , , , , , , , 
 ,"0","124","36", , , , , , , , , , , , , , , , 
 ,"0", , , , , , , , , , , , , , , , , , 
 ,"0", , , , , , , , , , , , , , , , , , 
 ,"0", , , , , , , , , , , , , , , , , , 
 ,"0", , , , , , , , , , , , , , , , , , 
 ,"0", , , , , , , , , , , , , , , , , , 
 ,"0", , , , , , , , , , , , , , , , , , 
 ,"0", , , , , , , , , , , , , , , , , , 
 ,"0", , , , , , , , , , , , , , , , , , 
 ,"0", , , , , , , , , , , , , , , , , , 
 ,"1", , , , , , , , , , , , , , , , , , 
 ,"0", , , , , , , , , , , , , , , , , , 
 ,"1", , , , , , , , , , , , , , , , , , 
 ,"1","1825","1274", , , , , , , , , , , , , , , , 
 ,"0", , , , , , , , , , , , , , , , , , 
 ,"0", , , , , , , , , , , , , , , , , , 
 ,"0", , , , , , , , , , , , , , , , , , 
 , ,"10217","3548", , , , , , , , , , , , , , , , 
 ,"1825", , , , , , , , , , , , , , , , , , 
 ,"1825", , , , , , , , , , , , , , , , , , 
 ,"3548", ,"10217", , , , , , , , , , , , , , , , 
 ,"188367", ,"103042", , , , , , , , , , , , , , , , 
 ,"191915", ,"113259", , , , , , , , , , , , , , , , 
 , ,"2", , , , , , , , , , , , , , , , , 
 , ,"1", , , , , , , , , , , , , , , , , 
 , ,"1", , , , , , , , , , , , , , , , , 
 ,"95958", ,"56630", , , , , , , , , , , , , , , , 
 ,"95958", ,"56630", , , , , , , , , , , , , , , , 
 ,"95958", ,"56630", , , , , , , , , , , , , , , , 
 , ,"2", , , , , , , , , , , , , , , , , 
 , ,"2", , , , , , , , , , , , , , , , , 
 , ,"2", , , , , , , , , , , , , , , , , 
 , , , , , , , , , , , , , , , , , , , 
 , , , , , , , , , , , , , , , , , , , 